State,Sector,GDP
Alabama,"Motor vehicle, body, trailer, and parts manufacturing",$3246
Alabama,Petroleum and coal products manufacturing,$3027
Alabama,Chemical manufacturing,$2972
Alabama,Primary metal manufacturing,$2744
Alabama,Paper manufacturing,$2574
Alabama,Food and beverage and tobacco product manufacturing,$1898
Alabama,Fabricated metal product manufacturing,$1842
Alabama,Other transportation equipment manufacturing,$1832
Alabama,Plastics and rubber products manufacturing,$1316
Alabama,Computer and electronic product manufacturing,$1174
Alabama,Machinery manufacturing,$1076
Alabama,Wood product manufacturing,$962
Alabama,Furniture and related product manufacturing,$685
Alabama,Nonmetallic mineral product manufacturing,$607
Alabama,Textile mills and textile product mills,$578
Alabama,"Electrical equipment, appliance, and component manufacturing",$544
Alabama,Miscellaneous manufacturing,$456
Alabama,Apparel and leather and allied product manufacturing,$235
Alabama,Printing and related support activities,$159
Alaska,Petroleum and coal products manufacturing,$833
Alaska,Food and beverage and tobacco product manufacturing,$493
Alaska,Nonmetallic mineral product manufacturing,$47
Alaska,Fabricated metal product manufacturing,$37
Alaska,Other transportation equipment manufacturing,$34
Alaska,Computer and electronic product manufacturing,$19
Alaska,Printing and related support activities,$16
Alaska,Plastics and rubber products manufacturing,$13
Alaska,Machinery manufacturing,$10
Alaska,Miscellaneous manufacturing,$8
Alaska,Chemical manufacturing,$8
Alaska,Wood product manufacturing,$7
Alaska,Furniture and related product manufacturing,$7
Alaska,Textile mills and textile product mills,$6
Alaska,Primary metal manufacturing,$3
Alaska,"Motor vehicle, body, trailer, and parts manufacturing",$2
Alaska,"Electrical equipment, appliance, and component manufacturing",$2
Alaska,Paper manufacturing,$1
Alaska,Apparel and leather and allied product manufacturing,$0
Arizona,Computer and electronic product manufacturing,$6940
Arizona,Other transportation equipment manufacturing,$3567
Arizona,Food and beverage and tobacco product manufacturing,$1571
Arizona,Miscellaneous manufacturing,$1313
Arizona,Chemical manufacturing,$1213
Arizona,Fabricated metal product manufacturing,$1203
Arizona,Primary metal manufacturing,$751
Arizona,Machinery manufacturing,$672
Arizona,Nonmetallic mineral product manufacturing,$492
Arizona,Plastics and rubber products manufacturing,$390
Arizona,Printing and related support activities,$357
Arizona,Furniture and related product manufacturing,$303
Arizona,"Electrical equipment, appliance, and component manufacturing",$269
Arizona,Petroleum and coal products manufacturing,$265
Arizona,Paper manufacturing,$238
Arizona,"Motor vehicle, body, trailer, and parts manufacturing",$234
Arizona,Wood product manufacturing,$162
Arizona,Textile mills and textile product mills,$74
Arizona,Apparel and leather and allied product manufacturing,$25
Arkansas,Food and beverage and tobacco product manufacturing,$2932
Arkansas,Paper manufacturing,$1859
Arkansas,Fabricated metal product manufacturing,$1576
Arkansas,Plastics and rubber products manufacturing,$1323
Arkansas,Primary metal manufacturing,$1077
Arkansas,Machinery manufacturing,$917
Arkansas,"Electrical equipment, appliance, and component manufacturing",$879
Arkansas,Chemical manufacturing,$788
Arkansas,Other transportation equipment manufacturing,$665
Arkansas,Wood product manufacturing,$645
Arkansas,"Motor vehicle, body, trailer, and parts manufacturing",$399
Arkansas,Petroleum and coal products manufacturing,$374
Arkansas,Miscellaneous manufacturing,$356
Arkansas,Computer and electronic product manufacturing,$300
Arkansas,Nonmetallic mineral product manufacturing,$259
Arkansas,Printing and related support activities,$210
Arkansas,Furniture and related product manufacturing,$180
Arkansas,Apparel and leather and allied product manufacturing,$97
Arkansas,Textile mills and textile product mills,$62
California,Computer and electronic product manufacturing,$52452
California,Petroleum and coal products manufacturing,$25127
California,Chemical manufacturing,$23665
California,Food and beverage and tobacco product manufacturing,$21113
California,Miscellaneous manufacturing,$13906
California,Other transportation equipment manufacturing,$11977
California,Fabricated metal product manufacturing,$10821
California,Machinery manufacturing,$8641
California,Plastics and rubber products manufacturing,$4526
California,Apparel and leather and allied product manufacturing,$3579
California,"Electrical equipment, appliance, and component manufacturing",$3118
California,Paper manufacturing,$2869
California,Printing and related support activities,$2798
California,Nonmetallic mineral product manufacturing,$2441
California,Furniture and related product manufacturing,$2326
California,"Motor vehicle, body, trailer, and parts manufacturing",$1612
California,Primary metal manufacturing,$1597
California,Wood product manufacturing,$1415
California,Textile mills and textile product mills,$1013
Colorado,"Motor vehicle, body, trailer, and parts manufacturing",$100
Colorado,Petroleum and coal products manufacturing,$1208
Colorado,Chemical manufacturing,$2294
Colorado,Primary metal manufacturing,$230
Colorado,Paper manufacturing,$136
Colorado,Food and beverage and tobacco product manufacturing,$3123
Colorado,Fabricated metal product manufacturing,$1214
Colorado,Other transportation equipment manufacturing,$750
Colorado,Plastics and rubber products manufacturing,$456
Colorado,Computer and electronic product manufacturing,$4249
Colorado,Machinery manufacturing,$1322
Colorado,Wood product manufacturing,$166
Colorado,Furniture and related product manufacturing,$291
Colorado,Nonmetallic mineral product manufacturing,$579
Colorado,Textile mills and textile product mills,$145
Colorado,"Electrical equipment, appliance, and component manufacturing",$274
Colorado,Miscellaneous manufacturing,$1754
Colorado,Apparel and leather and allied product manufacturing,$57
Colorado,Printing and related support activities,$375
Connecticut,"Motor vehicle, body, trailer, and parts manufacturing",$307
Connecticut,Petroleum and coal products manufacturing,$103
Connecticut,Chemical manufacturing,$3220
Connecticut,Primary metal manufacturing,$377
Connecticut,Paper manufacturing,$477
Connecticut,Food and beverage and tobacco product manufacturing,$1190
Connecticut,Fabricated metal product manufacturing,$3128
Connecticut,Other transportation equipment manufacturing,$5776
Connecticut,Plastics and rubber products manufacturing,$597
Connecticut,Computer and electronic product manufacturing,$1494
Connecticut,Machinery manufacturing,$1350
Connecticut,Wood product manufacturing,$58
Connecticut,Furniture and related product manufacturing,$186
Connecticut,Nonmetallic mineral product manufacturing,$190
Connecticut,Textile mills and textile product mills,$191
Connecticut,"Electrical equipment, appliance, and component manufacturing",$1714
Connecticut,Miscellaneous manufacturing,$2040
Connecticut,Apparel and leather and allied product manufacturing,$104
Connecticut,Printing and related support activities,$446
Delaware,"Motor vehicle, body, trailer, and parts manufacturing",$14
Delaware,Petroleum and coal products manufacturing,$507
Delaware,Chemical manufacturing,$1188
Delaware,Primary metal manufacturing,$42
Delaware,Paper manufacturing,$236
Delaware,Food and beverage and tobacco product manufacturing,$683
Delaware,Fabricated metal product manufacturing,$129
Delaware,Other transportation equipment manufacturing,$57
Delaware,Plastics and rubber products manufacturing,$256
Delaware,Computer and electronic product manufacturing,$445
Delaware,Machinery manufacturing,$61
Delaware,Wood product manufacturing,$16
Delaware,Furniture and related product manufacturing,$41
Delaware,Nonmetallic mineral product manufacturing,$52
Delaware,Textile mills and textile product mills,$67
Delaware,"Electrical equipment, appliance, and component manufacturing",$128
Delaware,Miscellaneous manufacturing,$183
Delaware,Apparel and leather and allied product manufacturing,$6
Delaware,Printing and related support activities,$33
District of Columbia,"Motor vehicle, body, trailer, and parts manufacturing",$0
District of Columbia,Petroleum and coal products manufacturing,$83
District of Columbia,Chemical manufacturing,$92
District of Columbia,Primary metal manufacturing,$1
District of Columbia,Paper manufacturing,$0
District of Columbia,Food and beverage and tobacco product manufacturing,$9
District of Columbia,Fabricated metal product manufacturing,$10
District of Columbia,Other transportation equipment manufacturing,$0
District of Columbia,Plastics and rubber products manufacturing,$0
District of Columbia,Computer and electronic product manufacturing,$19
District of Columbia,Machinery manufacturing,$1
District of Columbia,Wood product manufacturing,$0
District of Columbia,Furniture and related product manufacturing,$12
District of Columbia,Nonmetallic mineral product manufacturing,$9
District of Columbia,Textile mills and textile product mills,$1
District of Columbia,"Electrical equipment, appliance, and component manufacturing",$1
District of Columbia,Miscellaneous manufacturing,$4
District of Columbia,Apparel and leather and allied product manufacturing,$1
District of Columbia,Printing and related support activities,$23
Florida,"Motor vehicle, body, trailer, and parts manufacturing",$447
Florida,Petroleum and coal products manufacturing,$524
Florida,Chemical manufacturing,$3498
Florida,Primary metal manufacturing,$431
Florida,Paper manufacturing,$1459
Florida,Food and beverage and tobacco product manufacturing,$5540
Florida,Fabricated metal product manufacturing,$2154
Florida,Other transportation equipment manufacturing,$3096
Florida,Plastics and rubber products manufacturing,$1154
Florida,Computer and electronic product manufacturing,$6274
Florida,Machinery manufacturing,$1753
Florida,Wood product manufacturing,$739
Florida,Furniture and related product manufacturing,$618
Florida,Nonmetallic mineral product manufacturing,$1046
Florida,Textile mills and textile product mills,$339
Florida,"Electrical equipment, appliance, and component manufacturing",$790
Florida,Miscellaneous manufacturing,$3160
Florida,Apparel and leather and allied product manufacturing,$205
Florida,Printing and related support activities,$988
Georgia,"Motor vehicle, body, trailer, and parts manufacturing",$1436
Georgia,Petroleum and coal products manufacturing,$568
Georgia,Chemical manufacturing,$4538
Georgia,Primary metal manufacturing,$592
Georgia,Paper manufacturing,$3619
Georgia,Food and beverage and tobacco product manufacturing,$11105
Georgia,Fabricated metal product manufacturing,$2071
Georgia,Other transportation equipment manufacturing,$3039
Georgia,Plastics and rubber products manufacturing,$2445
Georgia,Computer and electronic product manufacturing,$1903
Georgia,Machinery manufacturing,$2339
Georgia,Wood product manufacturing,$1002
Georgia,Furniture and related product manufacturing,$731
Georgia,Nonmetallic mineral product manufacturing,$1426
Georgia,Textile mills and textile product mills,$4412
Georgia,"Electrical equipment, appliance, and component manufacturing",$1714
Georgia,Miscellaneous manufacturing,$1262
Georgia,Apparel and leather and allied product manufacturing,$172
Georgia,Printing and related support activities,$1014
Hawaii,"Motor vehicle, body, trailer, and parts manufacturing",$1
Hawaii,Petroleum and coal products manufacturing,$473
Hawaii,Chemical manufacturing,$20
Hawaii,Primary metal manufacturing,$1
Hawaii,Paper manufacturing,$5
Hawaii,Food and beverage and tobacco product manufacturing,$344
Hawaii,Fabricated metal product manufacturing,$25
Hawaii,Other transportation equipment manufacturing,$67
Hawaii,Plastics and rubber products manufacturing,$21
Hawaii,Computer and electronic product manufacturing,$19
Hawaii,Machinery manufacturing,$6
Hawaii,Wood product manufacturing,$12
Hawaii,Furniture and related product manufacturing,$26
Hawaii,Nonmetallic mineral product manufacturing,$63
Hawaii,Textile mills and textile product mills,$15
Hawaii,"Electrical equipment, appliance, and component manufacturing",$5
Hawaii,Miscellaneous manufacturing,$43
Hawaii,Apparel and leather and allied product manufacturing,$21
Hawaii,Printing and related support activities,$35
Idaho,"Motor vehicle, body, trailer, and parts manufacturing",$62
Idaho,Petroleum and coal products manufacturing,$39
Idaho,Chemical manufacturing,$379
Idaho,Primary metal manufacturing,$33
Idaho,Paper manufacturing,$152
Idaho,Food and beverage and tobacco product manufacturing,$1507
Idaho,Fabricated metal product manufacturing,$304
Idaho,Other transportation equipment manufacturing,$130
Idaho,Plastics and rubber products manufacturing,$140
Idaho,Computer and electronic product manufacturing,$3308
Idaho,Machinery manufacturing,$229
Idaho,Wood product manufacturing,$369
Idaho,Furniture and related product manufacturing,$74
Idaho,Nonmetallic mineral product manufacturing,$68
Idaho,Textile mills and textile product mills,$14
Idaho,"Electrical equipment, appliance, and component manufacturing",$80
Idaho,Miscellaneous manufacturing,$78
Idaho,Apparel and leather and allied product manufacturing,$19
Idaho,Printing and related support activities,$57
Illinois,"Motor vehicle, body, trailer, and parts manufacturing",$2204
Illinois,Petroleum and coal products manufacturing,$8946
Illinois,Chemical manufacturing,$10772
Illinois,Primary metal manufacturing,$1898
Illinois,Paper manufacturing,$2106
Illinois,Food and beverage and tobacco product manufacturing,$10829
Illinois,Fabricated metal product manufacturing,$8552
Illinois,Other transportation equipment manufacturing,$726
Illinois,Plastics and rubber products manufacturing,$4903
Illinois,Computer and electronic product manufacturing,$5222
Illinois,Machinery manufacturing,$16684
Illinois,Wood product manufacturing,$437
Illinois,Furniture and related product manufacturing,$915
Illinois,Nonmetallic mineral product manufacturing,$1323
Illinois,Textile mills and textile product mills,$201
Illinois,"Electrical equipment, appliance, and component manufacturing",$2698
Illinois,Miscellaneous manufacturing,$4358
Illinois,Apparel and leather and allied product manufacturing,$405
Illinois,Printing and related support activities,$2153
Indiana,"Motor vehicle, body, trailer, and parts manufacturing",$9967
Indiana,Petroleum and coal products manufacturing,$7018
Indiana,Chemical manufacturing,$19864
Indiana,Primary metal manufacturing,$7256
Indiana,Paper manufacturing,$862
Indiana,Food and beverage and tobacco product manufacturing,$4786
Indiana,Fabricated metal product manufacturing,$4938
Indiana,Other transportation equipment manufacturing,$1493
Indiana,Plastics and rubber products manufacturing,$2883
Indiana,Computer and electronic product manufacturing,$1994
Indiana,Machinery manufacturing,$4365
Indiana,Wood product manufacturing,$683
Indiana,Furniture and related product manufacturing,$1416
Indiana,Nonmetallic mineral product manufacturing,$1007
Indiana,Textile mills and textile product mills,$196
Indiana,"Electrical equipment, appliance, and component manufacturing",$853
Indiana,Miscellaneous manufacturing,$6576
Indiana,Apparel and leather and allied product manufacturing,$162
Indiana,Printing and related support activities,$1123
Iowa,"Motor vehicle, body, trailer, and parts manufacturing",$958
Iowa,Petroleum and coal products manufacturing,$150
Iowa,Chemical manufacturing,$3794
Iowa,Primary metal manufacturing,$753
Iowa,Paper manufacturing,$644
Iowa,Food and beverage and tobacco product manufacturing,$5843
Iowa,Fabricated metal product manufacturing,$1380
Iowa,Other transportation equipment manufacturing,$225
Iowa,Plastics and rubber products manufacturing,$1125
Iowa,Computer and electronic product manufacturing,$1217
Iowa,Machinery manufacturing,$4181
Iowa,Wood product manufacturing,$500
Iowa,Furniture and related product manufacturing,$683
Iowa,Nonmetallic mineral product manufacturing,$522
Iowa,Textile mills and textile product mills,$75
Iowa,"Electrical equipment, appliance, and component manufacturing",$515
Iowa,Miscellaneous manufacturing,$520
Iowa,Apparel and leather and allied product manufacturing,$70
Iowa,Printing and related support activities,$435
Kansas,"Motor vehicle, body, trailer, and parts manufacturing",$619
Kansas,Petroleum and coal products manufacturing,$2702
Kansas,Chemical manufacturing,$1817
Kansas,Primary metal manufacturing,$167
Kansas,Paper manufacturing,$135
Kansas,Food and beverage and tobacco product manufacturing,$3369
Kansas,Fabricated metal product manufacturing,$963
Kansas,Other transportation equipment manufacturing,$4144
Kansas,Plastics and rubber products manufacturing,$923
Kansas,Computer and electronic product manufacturing,$1018
Kansas,Machinery manufacturing,$1597
Kansas,Wood product manufacturing,$88
Kansas,Furniture and related product manufacturing,$236
Kansas,Nonmetallic mineral product manufacturing,$331
Kansas,Textile mills and textile product mills,$51
Kansas,"Electrical equipment, appliance, and component manufacturing",$383
Kansas,Miscellaneous manufacturing,$313
Kansas,Apparel and leather and allied product manufacturing,$64
Kansas,Printing and related support activities,$701
Kentucky,"Motor vehicle, body, trailer, and parts manufacturing",$3965
Kentucky,Petroleum and coal products manufacturing,$1598
Kentucky,Chemical manufacturing,$2589
Kentucky,Primary metal manufacturing,$1492
Kentucky,Paper manufacturing,$1232
Kentucky,Food and beverage and tobacco product manufacturing,$6051
Kentucky,Fabricated metal product manufacturing,$1625
Kentucky,Other transportation equipment manufacturing,$382
Kentucky,Plastics and rubber products manufacturing,$1265
Kentucky,Computer and electronic product manufacturing,$958
Kentucky,Machinery manufacturing,$1794
Kentucky,Wood product manufacturing,$506
Kentucky,Furniture and related product manufacturing,$260
Kentucky,Nonmetallic mineral product manufacturing,$530
Kentucky,Textile mills and textile product mills,$116
Kentucky,"Electrical equipment, appliance, and component manufacturing",$1308
Kentucky,Miscellaneous manufacturing,$359
Kentucky,Apparel and leather and allied product manufacturing,$110
Kentucky,Printing and related support activities,$732
Louisiana,"Motor vehicle, body, trailer, and parts manufacturing",$305
Louisiana,Petroleum and coal products manufacturing,$23885
Louisiana,Chemical manufacturing,$15822
Louisiana,Primary metal manufacturing,$418
Louisiana,Paper manufacturing,$1591
Louisiana,Food and beverage and tobacco product manufacturing,$2063
Louisiana,Fabricated metal product manufacturing,$1443
Louisiana,Other transportation equipment manufacturing,$1424
Louisiana,Plastics and rubber products manufacturing,$470
Louisiana,Computer and electronic product manufacturing,$253
Louisiana,Machinery manufacturing,$1772
Louisiana,Wood product manufacturing,$430
Louisiana,Furniture and related product manufacturing,$78
Louisiana,Nonmetallic mineral product manufacturing,$519
Louisiana,Textile mills and textile product mills,$52
Louisiana,"Electrical equipment, appliance, and component manufacturing",$141
Louisiana,Miscellaneous manufacturing,$279
Louisiana,Apparel and leather and allied product manufacturing,$16
Louisiana,Printing and related support activities,$156
Maine,"Motor vehicle, body, trailer, and parts manufacturing",$14
Maine,Petroleum and coal products manufacturing,$270
Maine,Chemical manufacturing,$376
Maine,Primary metal manufacturing,$19
Maine,Paper manufacturing,$890
Maine,Food and beverage and tobacco product manufacturing,$769
Maine,Fabricated metal product manufacturing,$488
Maine,Other transportation equipment manufacturing,$665
Maine,Plastics and rubber products manufacturing,$233
Maine,Computer and electronic product manufacturing,$457
Maine,Machinery manufacturing,$210
Maine,Wood product manufacturing,$310
Maine,Furniture and related product manufacturing,$58
Maine,Nonmetallic mineral product manufacturing,$76
Maine,Textile mills and textile product mills,$95
Maine,"Electrical equipment, appliance, and component manufacturing",$30
Maine,Miscellaneous manufacturing,$101
Maine,Apparel and leather and allied product manufacturing,$152
Maine,Printing and related support activities,$71
Maryland,"Motor vehicle, body, trailer, and parts manufacturing",$90
Maryland,Petroleum and coal products manufacturing,$368
Maryland,Chemical manufacturing,$4540
Maryland,Primary metal manufacturing,$328
Maryland,Paper manufacturing,$281
Maryland,Food and beverage and tobacco product manufacturing,$2913
Maryland,Fabricated metal product manufacturing,$717
Maryland,Other transportation equipment manufacturing,$762
Maryland,Plastics and rubber products manufacturing,$889
Maryland,Computer and electronic product manufacturing,$4254
Maryland,Machinery manufacturing,$730
Maryland,Wood product manufacturing,$182
Maryland,Furniture and related product manufacturing,$243
Maryland,Nonmetallic mineral product manufacturing,$318
Maryland,Textile mills and textile product mills,$175
Maryland,"Electrical equipment, appliance, and component manufacturing",$161
Maryland,Miscellaneous manufacturing,$449
Maryland,Apparel and leather and allied product manufacturing,$79
Maryland,Printing and related support activities,$506
Massachusetts,"Motor vehicle, body, trailer, and parts manufacturing",$102
Massachusetts,Petroleum and coal products manufacturing,$241
Massachusetts,Chemical manufacturing,$4133
Massachusetts,Primary metal manufacturing,$403
Massachusetts,Paper manufacturing,$727
Massachusetts,Food and beverage and tobacco product manufacturing,$2207
Massachusetts,Fabricated metal product manufacturing,$4351
Massachusetts,Other transportation equipment manufacturing,$1703
Massachusetts,Plastics and rubber products manufacturing,$1397
Massachusetts,Computer and electronic product manufacturing,$13908
Massachusetts,Machinery manufacturing,$2512
Massachusetts,Wood product manufacturing,$135
Massachusetts,Furniture and related product manufacturing,$365
Massachusetts,Nonmetallic mineral product manufacturing,$486
Massachusetts,Textile mills and textile product mills,$398
Massachusetts,"Electrical equipment, appliance, and component manufacturing",$1142
Massachusetts,Miscellaneous manufacturing,$3330
Massachusetts,Apparel and leather and allied product manufacturing,$317
Massachusetts,Printing and related support activities,$1098
Michigan,"Motor vehicle, body, trailer, and parts manufacturing",$18839
Michigan,Petroleum and coal products manufacturing,$1472
Michigan,Chemical manufacturing,$3945
Michigan,Primary metal manufacturing,$2512
Michigan,Paper manufacturing,$1139
Michigan,Food and beverage and tobacco product manufacturing,$5406
Michigan,Fabricated metal product manufacturing,$6268
Michigan,Other transportation equipment manufacturing,$627
Michigan,Plastics and rubber products manufacturing,$3017
Michigan,Computer and electronic product manufacturing,$1337
Michigan,Machinery manufacturing,$6008
Michigan,Wood product manufacturing,$505
Michigan,Furniture and related product manufacturing,$2810
Michigan,Nonmetallic mineral product manufacturing,$1209
Michigan,Textile mills and textile product mills,$214
Michigan,"Electrical equipment, appliance, and component manufacturing",$1784
Michigan,Miscellaneous manufacturing,$2392
Michigan,Apparel and leather and allied product manufacturing,$136
Michigan,Printing and related support activities,$842
Minnesota,"Motor vehicle, body, trailer, and parts manufacturing",$516
Minnesota,Petroleum and coal products manufacturing,$4324
Minnesota,Chemical manufacturing,$2215
Minnesota,Primary metal manufacturing,$433
Minnesota,Paper manufacturing,$1767
Minnesota,Food and beverage and tobacco product manufacturing,$4243
Minnesota,Fabricated metal product manufacturing,$3601
Minnesota,Other transportation equipment manufacturing,$1133
Minnesota,Plastics and rubber products manufacturing,$1253
Minnesota,Computer and electronic product manufacturing,$6455
Minnesota,Machinery manufacturing,$3031
Minnesota,Wood product manufacturing,$938
Minnesota,Furniture and related product manufacturing,$610
Minnesota,Nonmetallic mineral product manufacturing,$668
Minnesota,Textile mills and textile product mills,$171
Minnesota,"Electrical equipment, appliance, and component manufacturing",$1133
Minnesota,Miscellaneous manufacturing,$3425
Minnesota,Apparel and leather and allied product manufacturing,$99
Minnesota,Printing and related support activities,$1600
Mississippi,"Motor vehicle, body, trailer, and parts manufacturing",$788
Mississippi,Petroleum and coal products manufacturing,$2399
Mississippi,Chemical manufacturing,$1374
Mississippi,Primary metal manufacturing,$570
Mississippi,Paper manufacturing,$659
Mississippi,Food and beverage and tobacco product manufacturing,$1229
Mississippi,Fabricated metal product manufacturing,$724
Mississippi,Other transportation equipment manufacturing,$763
Mississippi,Plastics and rubber products manufacturing,$906
Mississippi,Computer and electronic product manufacturing,$335
Mississippi,Machinery manufacturing,$1164
Mississippi,Wood product manufacturing,$645
Mississippi,Furniture and related product manufacturing,$924
Mississippi,Nonmetallic mineral product manufacturing,$239
Mississippi,Textile mills and textile product mills,$173
Mississippi,"Electrical equipment, appliance, and component manufacturing",$654
Mississippi,Miscellaneous manufacturing,$364
Mississippi,Apparel and leather and allied product manufacturing,$100
Mississippi,Printing and related support activities,$148
Missouri,"Motor vehicle, body, trailer, and parts manufacturing",$2691
Missouri,Petroleum and coal products manufacturing,$386
Missouri,Chemical manufacturing,$4056
Missouri,Primary metal manufacturing,$730
Missouri,Paper manufacturing,$1542
Missouri,Food and beverage and tobacco product manufacturing,$6446
Missouri,Fabricated metal product manufacturing,$2363
Missouri,Other transportation equipment manufacturing,$1690
Missouri,Plastics and rubber products manufacturing,$1453
Missouri,Computer and electronic product manufacturing,$1026
Missouri,Machinery manufacturing,$2323
Missouri,Wood product manufacturing,$413
Missouri,Furniture and related product manufacturing,$361
Missouri,Nonmetallic mineral product manufacturing,$611
Missouri,Textile mills and textile product mills,$146
Missouri,"Electrical equipment, appliance, and component manufacturing",$1624
Missouri,Miscellaneous manufacturing,$706
Missouri,Apparel and leather and allied product manufacturing,$167
Missouri,Printing and related support activities,$964
Montana,"Motor vehicle, body, trailer, and parts manufacturing",$18
Montana,Petroleum and coal products manufacturing,$1621
Montana,Chemical manufacturing,$113
Montana,Primary metal manufacturing,$6
Montana,Paper manufacturing,$6
Montana,Food and beverage and tobacco product manufacturing,$210
Montana,Fabricated metal product manufacturing,$119
Montana,Other transportation equipment manufacturing,$22
Montana,Plastics and rubber products manufacturing,$25
Montana,Computer and electronic product manufacturing,$63
Montana,Machinery manufacturing,$92
Montana,Wood product manufacturing,$195
Montana,Furniture and related product manufacturing,$28
Montana,Nonmetallic mineral product manufacturing,$64
Montana,Textile mills and textile product mills,$8
Montana,"Electrical equipment, appliance, and component manufacturing",$11
Montana,Miscellaneous manufacturing,$98
Montana,Apparel and leather and allied product manufacturing,$8
Montana,Printing and related support activities,$37
Nebraska,"Motor vehicle, body, trailer, and parts manufacturing",$441
Nebraska,Petroleum and coal products manufacturing,$7
Nebraska,Chemical manufacturing,$2298
Nebraska,Primary metal manufacturing,$149
Nebraska,Paper manufacturing,$155
Nebraska,Food and beverage and tobacco product manufacturing,$3142
Nebraska,Fabricated metal product manufacturing,$643
Nebraska,Other transportation equipment manufacturing,$160
Nebraska,Plastics and rubber products manufacturing,$416
Nebraska,Computer and electronic product manufacturing,$359
Nebraska,Machinery manufacturing,$1773
Nebraska,Wood product manufacturing,$81
Nebraska,Furniture and related product manufacturing,$165
Nebraska,Nonmetallic mineral product manufacturing,$156
Nebraska,Textile mills and textile product mills,$46
Nebraska,"Electrical equipment, appliance, and component manufacturing",$145
Nebraska,Miscellaneous manufacturing,$1331
Nebraska,Apparel and leather and allied product manufacturing,$31
Nebraska,Printing and related support activities,$208
Nevada,"Motor vehicle, body, trailer, and parts manufacturing",$51
Nevada,Petroleum and coal products manufacturing,$48
Nevada,Chemical manufacturing,$245
Nevada,Primary metal manufacturing,$47
Nevada,Paper manufacturing,$73
Nevada,Food and beverage and tobacco product manufacturing,$491
Nevada,Fabricated metal product manufacturing,$378
Nevada,Other transportation equipment manufacturing,$82
Nevada,Plastics and rubber products manufacturing,$254
Nevada,Computer and electronic product manufacturing,$388
Nevada,Machinery manufacturing,$125
Nevada,Wood product manufacturing,$43
Nevada,Furniture and related product manufacturing,$80
Nevada,Nonmetallic mineral product manufacturing,$229
Nevada,Textile mills and textile product mills,$55
Nevada,"Electrical equipment, appliance, and component manufacturing",$65
Nevada,Miscellaneous manufacturing,$2156
Nevada,Apparel and leather and allied product manufacturing,$3
Nevada,Printing and related support activities,$171
New Hampshire,"Motor vehicle, body, trailer, and parts manufacturing",$33
New Hampshire,Petroleum and coal products manufacturing,$110
New Hampshire,Chemical manufacturing,$172
New Hampshire,Primary metal manufacturing,$170
New Hampshire,Paper manufacturing,$71
New Hampshire,Food and beverage and tobacco product manufacturing,$471
New Hampshire,Fabricated metal product manufacturing,$1022
New Hampshire,Other transportation equipment manufacturing,$93
New Hampshire,Plastics and rubber products manufacturing,$451
New Hampshire,Computer and electronic product manufacturing,$2433
New Hampshire,Machinery manufacturing,$724
New Hampshire,Wood product manufacturing,$109
New Hampshire,Furniture and related product manufacturing,$50
New Hampshire,Nonmetallic mineral product manufacturing,$189
New Hampshire,Textile mills and textile product mills,$137
New Hampshire,"Electrical equipment, appliance, and component manufacturing",$396
New Hampshire,Miscellaneous manufacturing,$585
New Hampshire,Apparel and leather and allied product manufacturing,$28
New Hampshire,Printing and related support activities,$133
New Jersey,"Motor vehicle, body, trailer, and parts manufacturing",$119
New Jersey,Petroleum and coal products manufacturing,$2516
New Jersey,Chemical manufacturing,$13940
New Jersey,Primary metal manufacturing,$459
New Jersey,Paper manufacturing,$1113
New Jersey,Food and beverage and tobacco product manufacturing,$3590
New Jersey,Fabricated metal product manufacturing,$1916
New Jersey,Other transportation equipment manufacturing,$207
New Jersey,Plastics and rubber products manufacturing,$1432
New Jersey,Computer and electronic product manufacturing,$3625
New Jersey,Machinery manufacturing,$1542
New Jersey,Wood product manufacturing,$129
New Jersey,Furniture and related product manufacturing,$398
New Jersey,Nonmetallic mineral product manufacturing,$802
New Jersey,Textile mills and textile product mills,$346
New Jersey,"Electrical equipment, appliance, and component manufacturing",$868
New Jersey,Miscellaneous manufacturing,$2785
New Jersey,Apparel and leather and allied product manufacturing,$256
New Jersey,Printing and related support activities,$1184
New Mexico,"Motor vehicle, body, trailer, and parts manufacturing",$66
New Mexico,Petroleum and coal products manufacturing,$83
New Mexico,Chemical manufacturing,$203
New Mexico,Primary metal manufacturing,$16
New Mexico,Paper manufacturing,$76
New Mexico,Food and beverage and tobacco product manufacturing,$411
New Mexico,Fabricated metal product manufacturing,$132
New Mexico,Other transportation equipment manufacturing,$74
New Mexico,Plastics and rubber products manufacturing,$47
New Mexico,Computer and electronic product manufacturing,$3815
New Mexico,Machinery manufacturing,$73
New Mexico,Wood product manufacturing,$40
New Mexico,Furniture and related product manufacturing,$33
New Mexico,Nonmetallic mineral product manufacturing,$113
New Mexico,Textile mills and textile product mills,$22
New Mexico,"Electrical equipment, appliance, and component manufacturing",$44
New Mexico,Miscellaneous manufacturing,$110
New Mexico,Apparel and leather and allied product manufacturing,$10
New Mexico,Printing and related support activities,$29
New York,"Motor vehicle, body, trailer, and parts manufacturing",$978
New York,Petroleum and coal products manufacturing,$589
New York,Chemical manufacturing,$12564
New York,Primary metal manufacturing,$758
New York,Paper manufacturing,$1511
New York,Food and beverage and tobacco product manufacturing,$10107
New York,Fabricated metal product manufacturing,$3916
New York,Other transportation equipment manufacturing,$1395
New York,Plastics and rubber products manufacturing,$2036
New York,Computer and electronic product manufacturing,$8393
New York,Machinery manufacturing,$5523
New York,Wood product manufacturing,$444
New York,Furniture and related product manufacturing,$880
New York,Nonmetallic mineral product manufacturing,$1412
New York,Textile mills and textile product mills,$704
New York,"Electrical equipment, appliance, and component manufacturing",$1333
New York,Miscellaneous manufacturing,$3928
New York,Apparel and leather and allied product manufacturing,$2110
New York,Printing and related support activities,$1700
North Carolina,"Motor vehicle, body, trailer, and parts manufacturing",$2284
North Carolina,Petroleum and coal products manufacturing,$437
North Carolina,Chemical manufacturing,$23962
North Carolina,Primary metal manufacturing,$833
North Carolina,Paper manufacturing,$1697
North Carolina,Food and beverage and tobacco product manufacturing,$19852
North Carolina,Fabricated metal product manufacturing,$3033
North Carolina,Other transportation equipment manufacturing,$1275
North Carolina,Plastics and rubber products manufacturing,$3697
North Carolina,Computer and electronic product manufacturing,$7442
North Carolina,Machinery manufacturing,$5083
North Carolina,Wood product manufacturing,$998
North Carolina,Furniture and related product manufacturing,$1870
North Carolina,Nonmetallic mineral product manufacturing,$1322
North Carolina,Textile mills and textile product mills,$2696
North Carolina,"Electrical equipment, appliance, and component manufacturing",$3577
North Carolina,Miscellaneous manufacturing,$2382
North Carolina,Apparel and leather and allied product manufacturing,$834
North Carolina,Printing and related support activities,$807
North Dakota,"Motor vehicle, body, trailer, and parts manufacturing",$108
North Dakota,Petroleum and coal products manufacturing,$248
North Dakota,Chemical manufacturing,$81
North Dakota,Primary metal manufacturing,$3
North Dakota,Paper manufacturing,$15
North Dakota,Food and beverage and tobacco product manufacturing,$706
North Dakota,Fabricated metal product manufacturing,$157
North Dakota,Other transportation equipment manufacturing,$67
North Dakota,Plastics and rubber products manufacturing,$94
North Dakota,Computer and electronic product manufacturing,$91
North Dakota,Machinery manufacturing,$733
North Dakota,Wood product manufacturing,$116
North Dakota,Furniture and related product manufacturing,$41
North Dakota,Nonmetallic mineral product manufacturing,$123
North Dakota,Textile mills and textile product mills,$15
North Dakota,"Electrical equipment, appliance, and component manufacturing",$8
North Dakota,Miscellaneous manufacturing,$22
North Dakota,Apparel and leather and allied product manufacturing,$6
North Dakota,Printing and related support activities,$38
Ohio,"Motor vehicle, body, trailer, and parts manufacturing",$6900
Ohio,Petroleum and coal products manufacturing,$8215
Ohio,Chemical manufacturing,$11175
Ohio,Primary metal manufacturing,$4547
Ohio,Paper manufacturing,$1999
Ohio,Food and beverage and tobacco product manufacturing,$9050
Ohio,Fabricated metal product manufacturing,$10048
Ohio,Other transportation equipment manufacturing,$3662
Ohio,Plastics and rubber products manufacturing,$5318
Ohio,Computer and electronic product manufacturing,$2037
Ohio,Machinery manufacturing,$6842
Ohio,Wood product manufacturing,$809
Ohio,Furniture and related product manufacturing,$1020
Ohio,Nonmetallic mineral product manufacturing,$2269
Ohio,Textile mills and textile product mills,$438
Ohio,"Electrical equipment, appliance, and component manufacturing",$3472
Ohio,Miscellaneous manufacturing,$1922
Ohio,Apparel and leather and allied product manufacturing,$145
Ohio,Printing and related support activities,$1494
Oklahoma,"Motor vehicle, body, trailer, and parts manufacturing",$444
Oklahoma,Petroleum and coal products manufacturing,$2856
Oklahoma,Chemical manufacturing,$909
Oklahoma,Primary metal manufacturing,$274
Oklahoma,Paper manufacturing,$537
Oklahoma,Food and beverage and tobacco product manufacturing,$1618
Oklahoma,Fabricated metal product manufacturing,$2064
Oklahoma,Other transportation equipment manufacturing,$542
Oklahoma,Plastics and rubber products manufacturing,$905
Oklahoma,Computer and electronic product manufacturing,$842
Oklahoma,Machinery manufacturing,$2951
Oklahoma,Wood product manufacturing,$148
Oklahoma,Furniture and related product manufacturing,$90
Oklahoma,Nonmetallic mineral product manufacturing,$657
Oklahoma,Textile mills and textile product mills,$26
Oklahoma,"Electrical equipment, appliance, and component manufacturing",$265
Oklahoma,Miscellaneous manufacturing,$327
Oklahoma,Apparel and leather and allied product manufacturing,$299
Oklahoma,Printing and related support activities,$161
Oregon,"Motor vehicle, body, trailer, and parts manufacturing",$326
Oregon,Petroleum and coal products manufacturing,$122
Oregon,Chemical manufacturing,$528
Oregon,Primary metal manufacturing,$942
Oregon,Paper manufacturing,$997
Oregon,Food and beverage and tobacco product manufacturing,$2124
Oregon,Fabricated metal product manufacturing,$1018
Oregon,Other transportation equipment manufacturing,$534
Oregon,Plastics and rubber products manufacturing,$493
Oregon,Computer and electronic product manufacturing,$37823
Oregon,Machinery manufacturing,$998
Oregon,Wood product manufacturing,$1527
Oregon,Furniture and related product manufacturing,$270
Oregon,Nonmetallic mineral product manufacturing,$398
Oregon,Textile mills and textile product mills,$49
Oregon,"Electrical equipment, appliance, and component manufacturing",$285
Oregon,Miscellaneous manufacturing,$635
Oregon,Apparel and leather and allied product manufacturing,$141
Oregon,Printing and related support activities,$386
Pennsylvania,"Motor vehicle, body, trailer, and parts manufacturing",$840
Pennsylvania,Petroleum and coal products manufacturing,$1547
Pennsylvania,Chemical manufacturing,$10439
Pennsylvania,Primary metal manufacturing,$5331
Pennsylvania,Paper manufacturing,$3813
Pennsylvania,Food and beverage and tobacco product manufacturing,$8217
Pennsylvania,Fabricated metal product manufacturing,$7058
Pennsylvania,Other transportation equipment manufacturing,$3095
Pennsylvania,Plastics and rubber products manufacturing,$3927
Pennsylvania,Computer and electronic product manufacturing,$4175
Pennsylvania,Machinery manufacturing,$4923
Pennsylvania,Wood product manufacturing,$1063
Pennsylvania,Furniture and related product manufacturing,$1225
Pennsylvania,Nonmetallic mineral product manufacturing,$1706
Pennsylvania,Textile mills and textile product mills,$533
Pennsylvania,"Electrical equipment, appliance, and component manufacturing",$2632
Pennsylvania,Miscellaneous manufacturing,$3343
Pennsylvania,Apparel and leather and allied product manufacturing,$396
Pennsylvania,Printing and related support activities,$1963
Rhode Island,"Motor vehicle, body, trailer, and parts manufacturing",$7
Rhode Island,Petroleum and coal products manufacturing,$22
Rhode Island,Chemical manufacturing,$502
Rhode Island,Primary metal manufacturing,$394
Rhode Island,Paper manufacturing,$60
Rhode Island,Food and beverage and tobacco product manufacturing,$262
Rhode Island,Fabricated metal product manufacturing,$293
Rhode Island,Other transportation equipment manufacturing,$232
Rhode Island,Plastics and rubber products manufacturing,$289
Rhode Island,Computer and electronic product manufacturing,$286
Rhode Island,Machinery manufacturing,$151
Rhode Island,Wood product manufacturing,$35
Rhode Island,Furniture and related product manufacturing,$66
Rhode Island,Nonmetallic mineral product manufacturing,$57
Rhode Island,Textile mills and textile product mills,$188
Rhode Island,"Electrical equipment, appliance, and component manufacturing",$121
Rhode Island,Miscellaneous manufacturing,$733
Rhode Island,Apparel and leather and allied product manufacturing,$7
Rhode Island,Printing and related support activities,$78
South Carolina,"Motor vehicle, body, trailer, and parts manufacturing",$2486
South Carolina,Petroleum and coal products manufacturing,$180
South Carolina,Chemical manufacturing,$3493
South Carolina,Primary metal manufacturing,$758
South Carolina,Paper manufacturing,$2295
South Carolina,Food and beverage and tobacco product manufacturing,$1607
South Carolina,Fabricated metal product manufacturing,$2178
South Carolina,Other transportation equipment manufacturing,$1086
South Carolina,Plastics and rubber products manufacturing,$2910
South Carolina,Computer and electronic product manufacturing,$662
South Carolina,Machinery manufacturing,$2598
South Carolina,Wood product manufacturing,$528
South Carolina,Furniture and related product manufacturing,$253
South Carolina,Nonmetallic mineral product manufacturing,$666
South Carolina,Textile mills and textile product mills,$1577
South Carolina,"Electrical equipment, appliance, and component manufacturing",$2055
South Carolina,Miscellaneous manufacturing,$815
South Carolina,Apparel and leather and allied product manufacturing,$67
South Carolina,Printing and related support activities,$241
South Dakota,"Motor vehicle, body, trailer, and parts manufacturing",$151
South Dakota,Petroleum and coal products manufacturing,$35
South Dakota,Chemical manufacturing,$321
South Dakota,Primary metal manufacturing,$45
South Dakota,Paper manufacturing,$59
South Dakota,Food and beverage and tobacco product manufacturing,$548
South Dakota,Fabricated metal product manufacturing,$261
South Dakota,Other transportation equipment manufacturing,$18
South Dakota,Plastics and rubber products manufacturing,$99
South Dakota,Computer and electronic product manufacturing,$125
South Dakota,Machinery manufacturing,$704
South Dakota,Wood product manufacturing,$95
South Dakota,Furniture and related product manufacturing,$110
South Dakota,Nonmetallic mineral product manufacturing,$104
South Dakota,Textile mills and textile product mills,$23
South Dakota,"Electrical equipment, appliance, and component manufacturing",$54
South Dakota,Miscellaneous manufacturing,$802
South Dakota,Apparel and leather and allied product manufacturing,$12
South Dakota,Printing and related support activities,$67
Tennessee,"Motor vehicle, body, trailer, and parts manufacturing",$3737
Tennessee,Petroleum and coal products manufacturing,$575
Tennessee,Chemical manufacturing,$4294
Tennessee,Primary metal manufacturing,$1178
Tennessee,Paper manufacturing,$2555
Tennessee,Food and beverage and tobacco product manufacturing,$6472
Tennessee,Fabricated metal product manufacturing,$3485
Tennessee,Other transportation equipment manufacturing,$400
Tennessee,Plastics and rubber products manufacturing,$2066
Tennessee,Computer and electronic product manufacturing,$1788
Tennessee,Machinery manufacturing,$2653
Tennessee,Wood product manufacturing,$656
Tennessee,Furniture and related product manufacturing,$432
Tennessee,Nonmetallic mineral product manufacturing,$927
Tennessee,Textile mills and textile product mills,$414
Tennessee,"Electrical equipment, appliance, and component manufacturing",$2629
Tennessee,Miscellaneous manufacturing,$2358
Tennessee,Apparel and leather and allied product manufacturing,$243
Tennessee,Printing and related support activities,$803
Texas,"Motor vehicle, body, trailer, and parts manufacturing",$4950
Texas,Petroleum and coal products manufacturing,$54939
Texas,Chemical manufacturing,$36040
Texas,Primary metal manufacturing,$3099
Texas,Paper manufacturing,$2222
Texas,Food and beverage and tobacco product manufacturing,$10842
Texas,Fabricated metal product manufacturing,$12165
Texas,Other transportation equipment manufacturing,$8502
Texas,Plastics and rubber products manufacturing,$4473
Texas,Computer and electronic product manufacturing,$25274
Texas,Machinery manufacturing,$17461
Texas,Wood product manufacturing,$1250
Texas,Furniture and related product manufacturing,$1749
Texas,Nonmetallic mineral product manufacturing,$2943
Texas,Textile mills and textile product mills,$464
Texas,"Electrical equipment, appliance, and component manufacturing",$2090
Texas,Miscellaneous manufacturing,$2850
Texas,Apparel and leather and allied product manufacturing,$438
Texas,Printing and related support activities,$1647
Utah,"Motor vehicle, body, trailer, and parts manufacturing",$527
Utah,Petroleum and coal products manufacturing,$1819
Utah,Chemical manufacturing,$1872
Utah,Primary metal manufacturing,$3553
Utah,Paper manufacturing,$484
Utah,Food and beverage and tobacco product manufacturing,$1301
Utah,Fabricated metal product manufacturing,$846
Utah,Other transportation equipment manufacturing,$684
Utah,Plastics and rubber products manufacturing,$443
Utah,Computer and electronic product manufacturing,$1835
Utah,Machinery manufacturing,$379
Utah,Wood product manufacturing,$62
Utah,Furniture and related product manufacturing,$532
Utah,Nonmetallic mineral product manufacturing,$476
Utah,Textile mills and textile product mills,$58
Utah,"Electrical equipment, appliance, and component manufacturing",$250
Utah,Miscellaneous manufacturing,$2044
Utah,Apparel and leather and allied product manufacturing,$21
Utah,Printing and related support activities,$352
Vermont,"Motor vehicle, body, trailer, and parts manufacturing",$35
Vermont,Petroleum and coal products manufacturing,$24
Vermont,Chemical manufacturing,$41
Vermont,Primary metal manufacturing,$17
Vermont,Paper manufacturing,$92
Vermont,Food and beverage and tobacco product manufacturing,$460
Vermont,Fabricated metal product manufacturing,$163
Vermont,Other transportation equipment manufacturing,$85
Vermont,Plastics and rubber products manufacturing,$92
Vermont,Computer and electronic product manufacturing,$1019
Vermont,Machinery manufacturing,$222
Vermont,Wood product manufacturing,$94
Vermont,Furniture and related product manufacturing,$50
Vermont,Nonmetallic mineral product manufacturing,$105
Vermont,Textile mills and textile product mills,$5
Vermont,"Electrical equipment, appliance, and component manufacturing",$143
Vermont,Miscellaneous manufacturing,$182
Vermont,Apparel and leather and allied product manufacturing,$20
Vermont,Printing and related support activities,$46
Virginia,"Motor vehicle, body, trailer, and parts manufacturing",$753
Virginia,Petroleum and coal products manufacturing,$314
Virginia,Chemical manufacturing,$3805
Virginia,Primary metal manufacturing,$329
Virginia,Paper manufacturing,$936
Virginia,Food and beverage and tobacco product manufacturing,$15656
Virginia,Fabricated metal product manufacturing,$1806
Virginia,Other transportation equipment manufacturing,$2550
Virginia,Plastics and rubber products manufacturing,$2029
Virginia,Computer and electronic product manufacturing,$1707
Virginia,Machinery manufacturing,$2474
Virginia,Wood product manufacturing,$845
Virginia,Furniture and related product manufacturing,$653
Virginia,Nonmetallic mineral product manufacturing,$761
Virginia,Textile mills and textile product mills,$934
Virginia,"Electrical equipment, appliance, and component manufacturing",$964
Virginia,Miscellaneous manufacturing,$628
Virginia,Apparel and leather and allied product manufacturing,$76
Virginia,Printing and related support activities,$673
Washington,"Motor vehicle, body, trailer, and parts manufacturing",$322
Washington,Petroleum and coal products manufacturing,$4387
Washington,Chemical manufacturing,$898
Washington,Primary metal manufacturing,$616
Washington,Paper manufacturing,$1258
Washington,Food and beverage and tobacco product manufacturing,$3427
Washington,Fabricated metal product manufacturing,$1576
Washington,Other transportation equipment manufacturing,$20610
Washington,Plastics and rubber products manufacturing,$755
Washington,Computer and electronic product manufacturing,$2873
Washington,Machinery manufacturing,$1806
Washington,Wood product manufacturing,$1048
Washington,Furniture and related product manufacturing,$325
Washington,Nonmetallic mineral product manufacturing,$761
Washington,Textile mills and textile product mills,$153
Washington,"Electrical equipment, appliance, and component manufacturing",$378
Washington,Miscellaneous manufacturing,$1037
Washington,Apparel and leather and allied product manufacturing,$95
Washington,Printing and related support activities,$400
West Virginia,"Motor vehicle, body, trailer, and parts manufacturing",$277
West Virginia,Petroleum and coal products manufacturing,$339
West Virginia,Chemical manufacturing,$2395
West Virginia,Primary metal manufacturing,$432
West Virginia,Paper manufacturing,$41
West Virginia,Food and beverage and tobacco product manufacturing,$231
West Virginia,Fabricated metal product manufacturing,$449
West Virginia,Other transportation equipment manufacturing,$282
West Virginia,Plastics and rubber products manufacturing,$322
West Virginia,Computer and electronic product manufacturing,$84
West Virginia,Machinery manufacturing,$158
West Virginia,Wood product manufacturing,$310
West Virginia,Furniture and related product manufacturing,$76
West Virginia,Nonmetallic mineral product manufacturing,$235
West Virginia,Textile mills and textile product mills,$9
West Virginia,"Electrical equipment, appliance, and component manufacturing",$79
West Virginia,Miscellaneous manufacturing,$166
West Virginia,Apparel and leather and allied product manufacturing,$5
West Virginia,Printing and related support activities,$61
Wisconsin,"Motor vehicle, body, trailer, and parts manufacturing",$1745
Wisconsin,Petroleum and coal products manufacturing,$328
Wisconsin,Chemical manufacturing,$3521
Wisconsin,Primary metal manufacturing,$1125
Wisconsin,Paper manufacturing,$3926
Wisconsin,Food and beverage and tobacco product manufacturing,$6456
Wisconsin,Fabricated metal product manufacturing,$5545
Wisconsin,Other transportation equipment manufacturing,$1495
Wisconsin,Plastics and rubber products manufacturing,$2636
Wisconsin,Computer and electronic product manufacturing,$2815
Wisconsin,Machinery manufacturing,$7048
Wisconsin,Wood product manufacturing,$968
Wisconsin,Furniture and related product manufacturing,$1034
Wisconsin,Nonmetallic mineral product manufacturing,$1118
Wisconsin,Textile mills and textile product mills,$292
Wisconsin,"Electrical equipment, appliance, and component manufacturing",$2948
Wisconsin,Miscellaneous manufacturing,$1212
Wisconsin,Apparel and leather and allied product manufacturing,$141
Wisconsin,Printing and related support activities,$1992
Wyoming,"Motor vehicle, body, trailer, and parts manufacturing",$18
Wyoming,Petroleum and coal products manufacturing,$1176
Wyoming,Chemical manufacturing,$468
Wyoming,Primary metal manufacturing,$4
Wyoming,Paper manufacturing,$0
Wyoming,Food and beverage and tobacco product manufacturing,$74
Wyoming,Fabricated metal product manufacturing,$130
Wyoming,Other transportation equipment manufacturing,$4
Wyoming,Plastics and rubber products manufacturing,$29
Wyoming,Computer and electronic product manufacturing,$11
Wyoming,Machinery manufacturing,$50
Wyoming,Wood product manufacturing,$19
Wyoming,Furniture and related product manufacturing,$9
Wyoming,Nonmetallic mineral product manufacturing,$83
Wyoming,Textile mills and textile product mills,$8
Wyoming,"Electrical equipment, appliance, and component manufacturing",$45
Wyoming,Miscellaneous manufacturing,$6
Wyoming,Apparel and leather and allied product manufacturing,$2
Wyoming,Printing and related support activities,$10